round,samples_analyzed,Accuracy,test_data_acc,test_data_loss,avg_prov_time_per_input,top_contributor,client_1_contribution,client_4_contribution,client_7_contribution,client_8_contribution,client_9_contribution,client_5_contribution,client_6_contribution
1,20,1.0,0.70361328125,0.9499985538423061,0.020451831817626952,7,0.21791322075969094,0.199474421630218,0.22153489153318018,0.1765170517704137,0.18456041430649717,,
2,20,1.0,0.94384765625,0.20679402840323746,0.02614802122116089,7,,,0.23626563608606235,0.15692953270905646,0.1968596678843559,0.208338613916831,0.2016065494036943
