round,samples_analyzed,Accuracy,test_data_acc,test_data_loss,avg_prov_time_per_input,top_contributor,client_0_contribution,client_1_contribution,client_2_contribution,client_3_contribution,client_4_contribution,client_5_contribution,client_6_contribution
1,2,1.0,0.099609375,2.4695311710238457,0.05869162082672119,2,0.2170060639681239,0.20005195439016682,0.2267771430843217,0.15618190634792764,0.1999829322094599,,
2,2,1.0,0.091796875,2.3354529216885567,0.052603840827941895,5,0.19882683307806526,,0.20656481976386293,0.17886383698237063,,0.2489881198928645,0.16675639028283662
