round,samples_analyzed,Accuracy,test_data_acc,test_data_loss,avg_prov_time_per_input,top_contributor,client_0_contribution,client_1_contribution,client_2_contribution,client_3_contribution,client_4_contribution,client_5_contribution,client_6_contribution
1,2,1.0,0.12939453125,3.2555804699659348,0.047408103942871094,3,0.22479620240932402,0.039050097926704615,0.03172633377125362,0.5712034617185077,0.13322390417421007,,
2,2,0.0,0.091796875,2.4665242917835712,0.0550537109375,2,,,0.2570605258862635,0.17782282696796337,0.19741046281598162,0.20486874725767412,0.16283743707211734
