round,samples_analyzed,Accuracy,test_data_acc,test_data_loss,avg_prov_time_per_input,top_contributor,client_0_contribution,client_1_contribution,client_2_contribution,client_3_contribution,client_4_contribution,client_5_contribution,client_6_contribution
1,2,1.0,0.099609375,2.354590367525816,0.0521770715713501,2,0.19703367646088715,0.19074088619263302,0.2153380694290708,0.2125034959987327,0.18438387191867636,,
2,2,1.0,0.0966796875,2.4261060133576393,0.04047036170959473,5,0.1674278341063596,,0.21957196549537855,0.1753115689312316,,0.22254427024995677,0.21514436121707348
