round,samples_analyzed,Accuracy,test_data_acc,test_data_loss,avg_prov_time_per_input,top_contributor,client_0_contribution,client_1_contribution,client_2_contribution,client_3_contribution,client_4_contribution,client_5_contribution,client_6_contribution
1,2,0.0,0.0986328125,20.177670627832413,0.052413344383239746,1,7.904617872290162e-16,0.9999999999998777,5.533052314931497e-14,3.8970820385830166e-14,2.6991776360933253e-14,,
2,2,0.0,0.09228515625,10.763029217720032,0.05883979797363281,0,0.999733907984031,2.0292003949213384e-05,,,0.00012073654383461138,3.4349516782202635e-05,9.071395140303358e-05
