{"_step":3,"_wandb":{"runtime":69},"federated_evaluate_loss":1.5720487777499346,"federated_evaluate_accuracy":0.40899550224887554,"_timestamp":1.73740677935042e+09,"_runtime":69.424036}