{"_wandb":{"runtime":59},"federated_evaluate_loss":2.168093254417181,"federated_evaluate_accuracy":0.1905,"_timestamp":1.7374045186325262e+09,"_runtime":59.29255,"_step":3}