round,samples_analyzed,Accuracy,test_data_acc,test_data_loss,avg_prov_time_per_input,top_contributor,client_0_contribution,client_1_contribution,client_2_contribution,client_3_contribution,client_4_contribution,client_5_contribution,client_6_contribution,client_7_contribution,client_8_contribution,client_9_contribution
1,10,0.0,0.087890625,2.3349613435566425,0.037024188041687014,9,0.08731112629175186,0.0935807079076767,0.1095559373497963,0.09511632472276688,0.09735209494829178,0.0939960777759552,0.09497306495904922,0.09574335068464279,0.09390918910503387,0.1384621262550354
2,10,1.0,0.099609375,2.317104861140251,0.03872096538543701,0,0.11141202764827055,0.09773903485743754,0.09739299263645698,0.10282405619061077,0.1014354467605866,0.10401729649331118,0.09979097693847086,0.0890444902933313,0.10154807718914863,0.09479560099237563
3,10,1.0,0.087890625,2.395006861537695,0.034920573234558105,0,0.18754362938828104,0.08695269330696702,0.09193502384569442,0.07940072984842815,0.08597570838088449,0.09458696630775258,0.10180672924652556,0.08042373775488725,0.0772069064406997,0.11416787547987978
