round,samples_analyzed,Accuracy,test_data_acc,test_data_loss,avg_prov_time_per_input,top_contributor,client_0_contribution,client_1_contribution,client_2_contribution,client_3_contribution,client_4_contribution,client_5_contribution,client_6_contribution,client_7_contribution,client_8_contribution,client_9_contribution
1,10,0.0,0.087890625,2.5045996233820915,0.03738193511962891,2,0.07979288011635005,0.08089564055871695,0.2191811071275257,0.09554661136527814,0.08211597116377928,0.08587192062938154,0.08647496317680897,0.08675918792753806,0.07920759230261737,0.10415412563200388
2,10,0.0,0.091796875,2.331772405654192,0.036911749839782716,2,0.0938677221853191,0.09041533219024057,0.10835592566392767,0.10619632299738012,0.09636545450826937,0.0993930571549984,0.10449093746881234,0.09802480290515982,0.10370604870466271,0.09918439622122992
3,10,0.0,0.087890625,2.4728952795267105,0.04096055030822754,2,0.08666543920831202,0.0881493862911876,0.16356534253255553,0.0927631584633338,0.08475663020481557,0.10648137648348142,0.09222306585976678,0.08140366767059766,0.08628273267396488,0.11770920061198475
