round,samples_analyzed,Accuracy,test_data_acc,test_data_loss,avg_prov_time_per_input,top_contributor,client_0_contribution,client_1_contribution,client_2_contribution,client_3_contribution,client_4_contribution,client_5_contribution,client_6_contribution,client_7_contribution,client_8_contribution,client_9_contribution
1,10,0.0,0.087890625,2.7061841525137424,0.022128605842590333,3,0.0879727127374845,0.049667753728224316,0.14478447052964885,0.7175750630046424,,,,,,
2,10,0.0,0.087890625,2.383902233093977,0.0270761013031005,4,0.1056364343410199,0.0869690937842293,0.1056364343410199,0.1056364343410199,0.1056364343410199,0.1056364343410199,0.1056364343410199,0.1056364343410199,0.0927260308373873,0.080849834991244
3,10,0.0,0.087890625,4.957338884472847,0.017537569999694823,3,0.08677060004975855,0.0945602378735521,0.0668119774745824,0.7518571846021069,,,,,,
