{"a": {"b": 123}, "c": {"aa": 1234}, "_timestamp": 1757418429.479938, "_runtime": 24.94889807701111, "_step": 0, "_wandb": {"runtime": 36}}