round,samples_analyzed,Accuracy,test_data_acc,test_data_loss,avg_prov_time_per_input,top_contributor,client_0_contribution,client_2_contribution,client_7_contribution,client_9_contribution,client_4_contribution,client_5_contribution,client_8_contribution
1,16,1.0,0.5390625,1.8664294499903917,0.02352486550807953,7,0.24226935403741634,0.1630087304613184,0.3148190275134959,0.27990288798776936,,,
2,16,1.0,0.43212890625,1.7014038041234016,0.019226446747779846,8,,,,0.2614964702167888,0.23620209352331534,0.22932033450781267,0.27298110175208323
