round,samples_analyzed,Accuracy,test_data_acc,test_data_loss,avg_prov_time_per_input,top_contributor,client_0_contribution,client_1_contribution,client_2_contribution,client_3_contribution,client_4_contribution,client_5_contribution,client_6_contribution
1,2,1.0,0.10400390625,7.782468594610691,0.03845679759979248,3,0.0045782139087345635,0.00012216891741571908,0.0008226335217457056,0.994476983652104,,,
2,2,1.0,0.0966796875,12.292050391435623,0.048449039459228516,5,3.306529213071014e-09,,,,3.48217085592705e-11,0.999999896361984,1.002966649806776e-07
