round,samples_analyzed,Accuracy,test_data_acc,test_data_loss,avg_prov_time_per_input,top_contributor,client_0_contribution,client_1_contribution,client_2_contribution,client_3_contribution,client_4_contribution,client_5_contribution,client_6_contribution
1,2,0.0,0.091796875,6.035819172859192,0.05109059810638428,2,0.008767542161851185,0.007626685779752247,0.8503180184886651,0.13328775356973155,,,
2,2,1.0,0.10400390625,34.24108874797821,0.032943010330200195,5,,2.1001925759674427e-19,,,2.648004181117137e-19,1.0,5.557923794089253e-20
