round,auc,accuracy,loss
0,0.46964516899616104,0.0442,721.8714995384216
0,0.491341331757505,0.0895,721.0930316448212
0,0.5039652172645966,0.0972,720.5661296844482
0,0.48865788458612947,0.0811,721.8517775535583
0,0.5018137886910315,0.1161,722.4481763839722
0,0.4728194180869978,0.0515,722.6484620571136
0,0.5070118697549717,0.1024,720.1501111984253
0,0.5053153492209119,0.1089,721.5759069919586
0,0.4998734219733104,0.098,721.5942440032959
