{"_runtime":57.945453,"_step":3,"federated_evaluate_loss":2.12929038181901,"federated_evaluate_accuracy":0.1889,"_timestamp":1.737404125020027e+09,"_wandb":{"runtime":57}}