{"federated_evaluate_accuracy":0.2238,"_wandb":{"runtime":57},"_timestamp":1.737403821215903e+09,"_runtime":57.12504,"_step":3,"federated_evaluate_loss":2.1412419371306894}