round,samples_analyzed,Accuracy,test_data_acc,test_data_loss,avg_prov_time_per_input,top_contributor,client_2_contribution,client_3_contribution,client_5_contribution,client_6_contribution,client_4_contribution,client_8_contribution,client_9_contribution
1,16,1.0,0.5146484375,1.4597880318760872,0.021377965807914734,6,0.11779676178967294,0.24786304128898143,0.304492792597086,0.32984740432425963,,,
2,16,1.0,0.66943359375,1.233218708075583,0.026457980275154114,9,,,0.20432472937878707,,0.23970967030702836,0.2535116213446261,0.30245397896955845
