round,samples_analyzed,Accuracy,test_data_acc,test_data_loss,avg_prov_time_per_input,top_contributor,client_0_contribution,client_1_contribution,client_2_contribution,client_3_contribution,client_4_contribution,client_5_contribution,client_6_contribution
1,2,1.0,0.0966796875,4.927016958594322,0.056694746017456055,3,0.00211025815652664,0.0017940785160986434,0.006877632403089628,0.9892180309242851,,,
2,2,1.0,0.099609375,2.4353612661361694,0.04644966125488281,1,,0.2866722643375397,,,0.18104173243045807,0.2681905925273895,0.26409541070461273
