round,samples_analyzed,Accuracy,test_data_acc,test_data_loss,avg_prov_time_per_input,top_contributor,client_1_contribution,client_5_contribution,client_7_contribution,client_8_contribution,client_6_contribution
1,20,1.0,0.33740234375,1.8286902029067278,0.024643826484680175,5,0.24808865533500832,0.2808540543644452,0.2495944024050048,0.22146288789554164,
2,18,1.0,0.6943359375,1.005819127894938,0.019139899147881403,7,,0.23952153750652222,0.2685955121939696,0.2414681323108119,0.2504148179886963
