{"_wandb":{"runtime":74},"federated_evaluate_loss":1.8690760464294776,"federated_evaluate_accuracy":0.41879060469765117,"_timestamp":1.737406667603909e+09,"_runtime":74.430705,"_step":3}