{"_step":3,"_timestamp":1.7374065449236102e+09,"_wandb":{"runtime":25},"_runtime":25.939953}