{"_runtime":45.191363,"_wandb":{"runtime":45},"_step":3,"_timestamp":1.737407150282262e+09}