round,samples_analyzed,Accuracy,test_data_acc,test_data_loss,avg_prov_time_per_input,top_contributor,client_0_contribution,client_2_contribution,client_4_contribution,client_7_contribution,client_5_contribution,client_6_contribution,client_9_contribution
1,14,1.0,0.46337890625,1.8041229955852032,0.025710242135184153,0,0.33743012242512727,0.1385152414234279,0.19436453604393025,0.32969010010751454,,,
2,16,1.0,0.6591796875,1.1045358888804913,0.02334478497505188,9,,,0.25607187428694594,,0.20263320011895466,0.25846489506845133,0.28283003052564804
