round,samples_analyzed,Accuracy,test_data_acc,test_data_loss,avg_prov_time_per_input,top_contributor,client_0_contribution,client_1_contribution,client_2_contribution,client_3_contribution,client_4_contribution,client_5_contribution,client_6_contribution
1,2,1.0,0.10400390625,10.93598473072052,0.044196128845214844,0,0.8079887388204002,0.09628132054387224,0.00017979772511448805,0.09555014291061299,,,
2,2,1.0,0.0966796875,2.5444792546331882,0.051918983459472656,0,0.3852751312445869,,,,0.28099945606290483,0.16854725284199792,0.16517815985051035
