{"_timestamp":1.737406424369515e+09,"_runtime":89.053317,"_step":249,"_wandb":{"runtime":89}}